Kota Kinabalu,Tortor St.
Nanning,Donec St.
Ndola,Imperdiet St.
Yangon,Taciti Street
Bissau,Tincidunt St.
Dededo,Duis Av
Ashgabat,Tincidunt St.
Luxor,Tortor St.
Lanzhou,Tincidunt St.
Macau,Imperdiet St.
Tripoli,Duis Av
Bamako,Convallis Road
Handan,Convallis Road
Campo Grande,Taciti Street
Agartala,Duis Av
Malang,Convallis Road
Rotterdam,Imperdiet St.
La Serena,Taciti Street
Graz,Taciti Street
Porto-Novo,Donec St.
Ndola,Donec St.
Medina,Duis Av
Kathmandu,Convallis Road
Dresden,Imperdiet St.
Minsk,Tortor St.
Chuí,Imperdiet St.
Pattaya,Donec St.
Perm,Convallis Road
Perm,Tincidunt St.
Hanoi,Tortor St.
Bucharest,Convallis Road
Lyon,Auctor St.
Atlanta,Auctor St.
Munich,Donec St.
Concepción,Convallis Road
Kansas City,Tortor St.
Nicosia,Donec St.
Arequipa,Auctor St.
Dhaka,Imperdiet St.
Bern,Donec St.
New York City,Tortor St.
Mumbai,Convallis Road
Saskatoon,Donec St.
Strasbourg,Convallis Road
Salzburg,Donec St.
Dar es Salaam,Duis Av
Birmingham,Tincidunt St.
Bratislava,Imperdiet St.
Abidjan,Imperdiet St.
Kawasaki,Tincidunt St.
Campinas,Donec St.
Shillong,Convallis Road
Naypyidaw,Donec St.
Hamilton,Auctor St.
Chiang Mai,Taciti Street
Amman,Duis Av
Saint Petersburg,Convallis Road
Salt Lake City,Tincidunt St.
Shenyang,Convallis Road
Seattle,Duis Av
Bahía Blanca,Imperdiet St.
Lomé,Donec St.
Campo Grande,Duis Av
Chengdu,Duis Av
Alofi,Tortor St.
Johannesburg,Tortor St.
Kinshasa,Convallis Road
Melbourne,Taciti Street
Munich,Tincidunt St.
Labasa,Tortor St.
Buenos Aires,Duis Av
Podgorica,Tincidunt St.
Hai Phong,Taciti Street
Vatican City,Duis Av
Córdoba,Auctor St.
Melekeok,Convallis Road
Gothenburg,Duis Av
Cologne,Convallis Road
Mersin,Tortor St.
Kota Bharu,Tortor St.
Kobe,Convallis Road
Philadelphia,Donec St.
Luxor,Duis Av
Tamale,Auctor St.
Xi'an,Convallis Road
Las Vegas,Tortor St.
Cork (city),Donec St.
Linz,Tincidunt St.
Malang,Imperdiet St.
Geneva,Taciti Street
Palembang,Tortor St.
Miami,Auctor St.
Indianapolis,Imperdiet St.
Yekaterinburg,Tincidunt St.
Rabi Island,Donec St.
Espoo,Taciti Street
The Valley,Auctor St.
Quito,Duis Av
Tianjin,Taciti Street
Milan,Duis Av
Damascus,Tortor St.
Louisville,Tincidunt St.
Valdivia,Tincidunt St.
Portland,Tincidunt St.
Luxembourg (city),Imperdiet St.
Hyderabad,Imperdiet St.
Belmopan,Tincidunt St.
Tehran,Tincidunt St.
Addis Ababa,Tortor St.
Valletta,Tortor St.
Córdoba,Taciti Street
Lobamba,Auctor St.
Novosibirsk,Tortor St.
Santa Cruz de la Sierra,Taciti Street
Ponta Delgada,Taciti Street
Port-au-Prince,Imperdiet St.
Roseau,Tincidunt St.
Rosario,Donec St.
Semarang,Tortor St.
Agartala,Convallis Road
Columbus,Donec St.
Chihuahua,Tincidunt St.
Accra,Tortor St.
Brisbane,Imperdiet St.
Yokohama,Donec St.
Horta (Azores),Imperdiet St.
Wollongong,Tortor St.
Puerto Williams,Taciti Street
Johor Bahru,Taciti Street
Hanga Roa,Convallis Road
Kawasaki,Tincidunt St.
Rabi Island,Tincidunt St.
Oklahoma City,Imperdiet St.
Kandy,Tortor St.
Guatemala City,Imperdiet St.
Iqaluit,Tincidunt St.
Birmingham,Taciti Street
Shanghai,Duis Av
Kathmandu,Convallis Road
Apia,Donec St.
Graz,Tincidunt St.
Stockholm,Auctor St.
Amritsar,Donec St.
Melekeok,Auctor St.
Saint-Pierre,Taciti Street
Cali,Tortor St.
Nairobi,Imperdiet St.
Liverpool,Auctor St.
Ponta Delgada,Tincidunt St.
Yerevan,Donec St.
Basse-Terre,Tortor St.
Makati City,Donec St.
Timbuktu,Convallis Road
Damascus,Donec St.
Srinagar,Taciti Street
City of San Marino,Taciti Street
Bandar Seri Begawan,Duis Av
Ankara,Taciti Street
Makati City,Taciti Street
Alexandria,Donec St.
Chengdu,Tincidunt St.
Bratsk,Imperdiet St.
Wichita,Tortor St.
Changchun,Taciti Street
Campinas,Tortor St.
Conakry,Donec St.
Dar es Salaam,Imperdiet St.
Gold Coast,Taciti Street
Christchurch,Convallis Road
Prague,Duis Av
Mwanza,Taciti Street
Murmansk,Tincidunt St.
Belize City,Duis Av
Sarajevo,Auctor St.
Split (city),Duis Av
Patna,Convallis Road
Dhaka,Taciti Street
Kiev,Convallis Road
Sana'a,Donec St.
Dili,Taciti Street
Chişinău,Auctor St.
Taichung,Tortor St.
Namangan,Tincidunt St.
Casablanca,Donec St.
El Paso,Tincidunt St.
Blantyre,Auctor St.
Suez,Convallis Road
Asmara,Convallis Road
Guadalajara,Auctor St.
Brikama,Convallis Road
Nuuk,Tincidunt St.
Chongjin,Taciti Street
Ponta Delgada,Taciti Street
Tabriz,Donec St.
Singapore,Imperdiet St.
Kota Kinabalu,Duis Av
Porto-Novo,Convallis Road
Campo Grande,Auctor St.
Paris,Donec St.
Beirut,Duis Av
Tskhinvali,Duis Av
Rockhampton,Tortor St.
Quezon City,Donec St.
Baku,Tincidunt St.
Pattaya,Donec St.
Belize City,Convallis Road
Basse-Terre,Donec St.
Multan,Tincidunt St.
Mata-Utu,Taciti Street
Qingdao,Taciti Street
Providence,Tortor St.
Perth,Imperdiet St.
Aberdeen,Duis Av
Zanzibar City,Donec St.
Srinagar,Convallis Road
Adana,Duis Av
Dammam,Duis Av
Taichung,Imperdiet St.
Mersin,Auctor St.
Ciudad del Este,Tincidunt St.
Dammam,Convallis Road
Virginia Beach,Tortor St.
Dar es Salaam,Donec St.
Cologne,Convallis Road
El Aaiún,Tincidunt St.
Townsville,Taciti Street
Mbabane,Convallis Road
Abu Dhabi,Donec St.
Zamboanga City,Duis Av
Douala,Duis Av
Mendoza,Imperdiet St.
Mamoudzou,Imperdiet St.
Castries,Convallis Road
Houston,Tincidunt St.
St. Louis,Auctor St.
Magadan,Tincidunt St.
St. George's,Duis Av
Chişinău,Donec St.
Riyadh,Imperdiet St.
Boston,Imperdiet St.
Amritsar,Donec St.
Tskhinvali,Taciti Street
Tiraspol,Convallis Road
Zamboanga City,Duis Av
Belgrade,Duis Av
Valencia,Tortor St.
Makassar,Convallis Road
Whitehorse,Convallis Road
Samara,Donec St.
Chaguanas,Taciti Street
Cebu City,Tortor St.
Malmö,Duis Av
Marrakech,Tincidunt St.
Pago Pago,Tincidunt St.
Monterrey,Donec St.
Salzburg,Convallis Road
Bridgetown,Donec St.
Cannes,Tincidunt St.
Amman,Duis Av
Ibiza,Duis Av
Doha,Convallis Road
Zanzibar City,Imperdiet St.
Barcelona,Tortor St.
Bogotá,Tincidunt St.
Mandurah,Taciti Street
Dunedin,Tortor St.
Tbilisi,Auctor St.
Lyon,Tortor St.
Perm,Tortor St.
Port Moresby,Auctor St.
Road Town,Auctor St.
Manama,Tortor St.
Nuuk,Donec St.
Copenhagen,Auctor St.
Lilongwe,Taciti Street
Phnom Penh,Taciti Street
The Valley,Tortor St.
Alor Star,Donec St.
Roseau,Convallis Road
Puebla,Tortor St.
Bissau,Imperdiet St.
Kyoto,Tincidunt St.
Belmopan,Donec St.
Veracruz,Donec St.
Zamboanga City,Taciti Street
Cartagena,Imperdiet St.
Kansas City,Tincidunt St.
Douala,Convallis Road
Geelong,Duis Av
Kandy,Tincidunt St.
Bujumbura,Convallis Road
The Hague,Tincidunt St.
Papeete,Auctor St.
Santa Cruz de la Sierra,Tincidunt St.
Saskatoon,Convallis Road
Port Vila,Imperdiet St.
Osaka,Auctor St.
Liverpool,Auctor St.
Dunedin,Tortor St.
Mwanza,Taciti Street